fuel,effective_from,excise_eur_per_litre,source_status,notes
petrol,1999-01-16,0.54184,statutory schedule / historical reference used by chart scripts,
petrol,2003-12-29,0.55864,statutory schedule / historical reference used by chart scripts,
petrol,2005-02-22,0.564,statutory schedule / historical reference used by chart scripts,
petrol,2011-04-06,0.5713,statutory schedule / historical reference used by chart scripts,
petrol,2011-06-28,0.6113,statutory schedule / historical reference used by chart scripts,
petrol,2011-07-01,0.6132,statutory schedule / historical reference used by chart scripts,
petrol,2011-11-01,0.6221,statutory schedule / historical reference used by chart scripts,
petrol,2011-12-07,0.7042,statutory schedule / historical reference used by chart scripts,
petrol,2012-06-08,0.7242,statutory schedule / historical reference used by chart scripts,
petrol,2012-08-11,0.7284,statutory schedule / historical reference used by chart scripts,
petrol,2014-03-01,0.7308,statutory schedule / historical reference used by chart scripts,
petrol,2015-01-01,0.7284,statutory schedule / historical reference used by chart scripts,
petrol,2022-03-22,0.4784,statutory schedule / historical reference used by chart scripts,
petrol,2022-12-01,0.5784,statutory schedule / historical reference used by chart scripts,
petrol,2023-01-01,0.7284,statutory schedule / historical reference used by chart scripts,
petrol,2025-05-15,0.7134,statutory schedule / historical reference used by chart scripts,
petrol,2026-01-01,0.6729,statutory schedule / historical reference used by chart scripts,
petrol,2026-03-19,0.4729,statutory schedule / historical reference used by chart scripts,
petrol,2026-05-02,0.6229,statutory schedule / historical reference used by chart scripts,
petrol,2026-07-04,0.6729,statutory schedule / historical reference used by chart scripts,
diesel,1999-01-16,0.40321,statutory schedule / historical reference used by chart scripts,
diesel,2005-02-22,0.413,statutory schedule / historical reference used by chart scripts,
diesel,2006-10-03,0.416,statutory schedule / historical reference used by chart scripts,
diesel,2007-06-01,0.423,statutory schedule / historical reference used by chart scripts,
diesel,2011-04-06,0.4303,statutory schedule / historical reference used by chart scripts,
diesel,2011-06-28,0.4703,statutory schedule / historical reference used by chart scripts,
diesel,2011-07-01,0.4722,statutory schedule / historical reference used by chart scripts,
diesel,2011-11-01,0.4811,statutory schedule / historical reference used by chart scripts,
diesel,2011-12-07,0.5932,statutory schedule / historical reference used by chart scripts,
diesel,2012-06-08,0.6132,statutory schedule / historical reference used by chart scripts,
diesel,2012-08-11,0.6174,statutory schedule / historical reference used by chart scripts,
diesel,2014-03-01,0.6198,statutory schedule / historical reference used by chart scripts,
diesel,2015-01-01,0.6174,statutory schedule / historical reference used by chart scripts,
diesel,2022-03-22,0.3674,statutory schedule / historical reference used by chart scripts,
diesel,2022-12-01,0.4674,statutory schedule / historical reference used by chart scripts,
diesel,2023-01-01,0.6174,statutory schedule / historical reference used by chart scripts,
diesel,2025-05-15,0.6324,statutory schedule / historical reference used by chart scripts,
diesel,2026-01-01,0.6729,statutory schedule / historical reference used by chart scripts,
diesel,2026-03-19,0.4729,statutory schedule / historical reference used by chart scripts,
diesel,2026-05-23,0.5729,statutory schedule / historical reference used by chart scripts,
diesel,2026-06-07,0.6229,statutory schedule / historical reference used by chart scripts,
diesel,2026-07-04,0.6729,statutory schedule / historical reference used by chart scripts,
diesel,2026-07-28,0.5329,statutory schedule / historical reference used by chart scripts,
diesel,2026-09-18,0.5729,statutory schedule / historical reference used by chart scripts,
diesel,2026-09-26,0.6229,statutory schedule / historical reference used by chart scripts,
